Name,Subject,Grade
Emma,Math,A
Liam,Science,B
Olivia,History,A
Noah,Art,C
Ava,English,B
Oliver,Math,A
Isabella,Science,A
Sophia,History,B
Elijah,Art,A
Charlotte,English,C
Mia,Math,B
James,Science,C
Amelia,History,A
William,Art,B
Evelyn,English,A
Benjamin,Math,C
Harper,Science,B
Lucas,History,A
Mason,Art,C
Henry,English,B
Ella,Math,A
Alexander,Science,B
Jackson,History,C
Sebastian,Art,A
Avery,English,B
Matthew,Math,C
Samuel,Science,A
Mateo,History,B
Penelope,Art,A
Jack,English,C
Chloe,Math,B
Luke,Science,A
Lily,History,B
Jayden,Art,C
Grace,English,A
Dylan,Math,B
Grayson,Science,C
Levi,History,A
Isaac,Art,B
Gabriel,English,A
Julian,Math,C
Mateo,Science,B
Anthony,History,A
Jaxon,Art,C
Lincoln,English,B
Joshua,Math,A
Christopher,Science,C
Andrew,History,B
Theodore,Art,A
Caleb,English,C
Ryan,Math,B
Asher,Science,A
Nathan,History,C
Thomas,Art,B
Leo,English,A
Isaiah,Math,C
Charles,Science,B
Josiah,History,A
Hudson,Art,C
Christian,English,B
Hunter,Math,A
Connor,Science,B
Eli,History,C
Ezra,Art,A
Aaron,English,B
Landon,Math,C
Adrian,Science,A
Jonathan,History,B
Nolan,Art,A
Jeremiah,English,C
Easton,Math,B
Elias,Science,A
Colton,History,B
Cameron,Art,C
Carson,English,A
Robert,Math,B
Angel,Science,C
Maverick,History,A
Nicholas,Art,B
Dominic,English,A
Jaxson,Math,C
Greyson,Science,B
Adam,History,A
Ian,Art,C
Jose,English,B
Austin,Math,A
Kevin,Science,C
Wesley,History,B
Miles,Art,A
Albert,English,C
Luis,Math,B
Justin,Science,A
Max,History,C
Harrison,Art,B
Diego,English,A
Bryson,Math,C
Vincent,Science,B
Taj,History,A
Cole,Art,C
Braxton,English,B
Zane,Computer Science,A